training.1	First Steps on Court	Complete your first training session.	Your first session is in the book. A brilliant beginning!	training	1
training.10	Ten Sessions Strong	Complete 10 training sessions.	Ten sessions of showing up for your tennis. Well done!	training	10
training.25	Building Your Game	Complete 25 training sessions.	Twenty-five sessions. Your commitment deserves celebrating.	training	25
training.50	Training Half Century	Complete 50 training sessions.	Fifty sessions. That is a lot of time invested in your game!	training	50
training.100	Century on Court	Complete 100 training sessions.	One hundred sessions. What a remarkable tennis journey!	training	100
match.1	Game On	Record your first completed match.	Your first match is logged. Your match story starts here!	match	1
match.10	Ten Match Moments	Record 10 completed matches.	Ten matches, ten chances to learn. Keep enjoying your tennis!	match	10
match.50	Fifty and Playing	Record 50 completed matches.	Fifty matches recorded. Celebrate every one of those experiences!	match	50
match.100	Match Century	Record 100 completed matches.	A hundred matches. An achievement worth applauding!	match	100
singles.10	Your Own Court	Record 10 completed singles matches.	Ten singles matches. You are building your own tennis story!	singles	10
doubles.10	Better Together	Record 10 completed doubles matches.	Ten doubles matches. Here is to teamwork and shared court time!	doubles	10
singlesWin.1	Singles Breakthrough	Record your first singles win.	Your first recorded singles win. Enjoy this moment!	singlesWin	1
doublesWin.1	Winning Partnership	Record your first doubles win.	Your first recorded doubles win. A shared success to celebrate!	doublesWin	1
tournament.1	On the Tournament Map	Add your first named tournament entry.	Your first tournament entry is saved. Something to look forward to!	tournament	1
tournament.5	Tournament Explorer	Add five named tournament entries.	Five tournament entries. Your tennis world is growing!	tournament	5
completedTournament.1	Tournament Journey	Mark your first tournament completed.	Your first completed tournament. Take a moment to appreciate the journey!	completedTournament	1
watchTraining.1	Connected Workout	Complete a training session with an attached workout.	Your first workout-linked session is saved.	watchTraining	1
watchTraining.10	Connected Training	Complete 10 training sessions with attached workouts.	Ten sessions with workout records, kept together in your court story.	watchTraining	10
focus.1	Practice with Purpose	Record a specific focus in a completed training session.	You have given your practice a focus. A useful step forward!	focus	1
focus.10	Purposeful Practice	Complete 10 sessions with a specific training focus.	Ten focused sessions. Keep making your practice count!	focus	10
reflection.1	Pause and Reflect	Save notes or progress for a completed training session.	Your first training reflection is saved. Learning continues off court too!	reflection	1
reflection.10	Learning the Game	Save notes or progress for 10 completed training sessions.	Ten sessions reflected on. You are building a useful record of your game!	reflection	10
coach.1	A Coaching Beginning	Complete your first recorded coaching session with another player.	Your first coached session is recorded. A new court story begins.	coachedSessions	1
coach.10	Building Momentum	Complete 10 recorded coaching sessions. Each group session counts once.	Ten coached sessions. Consistent support, session by session.	coachedSessions	10
coach.players3	Growing Together	Complete coaching sessions with three different players.	Three players supported through recorded coaching sessions.	coachedPlayers	3
